{
  "216": {"state": "OH", "city": "Cleveland", "region": "Northeast OH"},
  "220": {"state": "OH", "city": "Newark/Zanesville", "region": "Central OH"},
  "234": {"state": "OH", "city": "Akron/Canton", "region": "Northeast OH"},
  "283": {"state": "OH", "city": "Cincinnati", "region": "Southwest OH"},
  "326": {"state": "OH", "city": "Sandusky", "region": "North Central OH"},
  "330": {"state": "OH", "city": "Akron/Canton", "region": "Northeast OH"},
  "380": {"state": "OH", "city": "Columbus", "region": "Central OH"},
  "419": {"state": "OH", "city": "Toledo", "region": "Northwest OH"},
  "436": {"state": "OH", "city": "Cambridge", "region": "Southeast OH"},
  "440": {"state": "OH", "city": "Cleveland suburbs", "region": "Northeast OH"},
  "513": {"state": "OH", "city": "Cincinnati", "region": "Southwest OH"},
  "567": {"state": "OH", "city": "Toledo", "region": "Northwest OH"},
  "614": {"state": "OH", "city": "Columbus", "region": "Central OH"},
  "740": {"state": "OH", "city": "Southern/Eastern OH", "region": "Southeast OH"},
  "937": {"state": "OH", "city": "Dayton", "region": "Southwest OH"},

  "215": {"state": "PA", "city": "Philadelphia", "region": "Southeast PA"},
  "223": {"state": "PA", "city": "Lancaster", "region": "South Central PA"},
  "267": {"state": "PA", "city": "Philadelphia", "region": "Southeast PA"},
  "272": {"state": "PA", "city": "Scranton/Wilkes-Barre", "region": "Northeast PA"},
  "412": {"state": "PA", "city": "Pittsburgh", "region": "Southwest PA"},
  "445": {"state": "PA", "city": "Philadelphia", "region": "Southeast PA"},
  "484": {"state": "PA", "city": "Allentown/Reading", "region": "Southeast PA"},
  "570": {"state": "PA", "city": "Scranton/Wilkes-Barre", "region": "Northeast PA"},
  "582": {"state": "PA", "city": "Allentown", "region": "Southeast PA"},
  "610": {"state": "PA", "city": "Allentown/Reading", "region": "Southeast PA"},
  "717": {"state": "PA", "city": "Harrisburg/York", "region": "South Central PA"},
  "724": {"state": "PA", "city": "Pittsburgh suburbs", "region": "Southwest PA"},
  "814": {"state": "PA", "city": "Erie", "region": "Northwest PA"},
  "835": {"state": "PA", "city": "Allentown", "region": "Southeast PA"},
  "878": {"state": "PA", "city": "Pittsburgh", "region": "Southwest PA"},

  "304": {"state": "WV", "city": "Charleston/Huntington", "region": "Central/Western WV"},
  "681": {"state": "WV", "city": "Charleston/Morgantown", "region": "Central/Northern WV"}
}
